{
	"class_name" : "PinholeCameraParameters",
	"extrinsic" : 
	[
		-0.99662135765886772,
		0.0027612212141189278,
		-0.082086814505144434,
		0.0,
		-0.0034026298711680213,
		-0.99996475823888809,
		0.0076749195567101195,
		0.0,
		-0.082062729470540566,
		0.0079282997955952665,
		0.9965956303808462,
		0.0,
		-0.0023411990067432331,
		-0.0021726744917529781,
		1.1814939684571835,
		1.0
	],
	"intrinsic" : 
	{
		"height" : 1080,
		"intrinsic_matrix" : 
		[
			935.30743608719399,
			0.0,
			0.0,
			0.0,
			935.30743608719399,
			0.0,
			959.5,
			539.5,
			1.0
		],
		"width" : 1920
	},
	"version_major" : 1,
	"version_minor" : 0
}