{
	"class_name" : "PinholeCameraParameters",
	"extrinsic" : 
	[
		-0.9916153577967679,
		-0.068054459218479024,
		-0.1098525045780407,
		0.0,
		0.040539405258772442,
		-0.97100341384536193,
		0.23560332536260598,
		0.0,
		-0.12270101386236826,
		0.22917452057576848,
		0.96562078494407622,
		0.0,
		-0.40711292739567362,
		-0.15733431974331713,
		1.3032739757932346,
		1.0
	],
	"intrinsic" : 
	{
		"height" : 1080,
		"intrinsic_matrix" : 
		[
			935.30743608719399,
			0.0,
			0.0,
			0.0,
			935.30743608719399,
			0.0,
			959.5,
			539.5,
			1.0
		],
		"width" : 1920
	},
	"version_major" : 1,
	"version_minor" : 0
}