{
	"class_name" : "PinholeCameraParameters",
	"extrinsic" : 
	[
		-0.92483317887474492,
		-0.377126161163508,
		-0.049592840395665749,
		0.0,
		-0.10510135777412188,
		0.37866421572660158,
		-0.91954723441604336,
		0.0,
		0.36556435253792213,
		-0.84521551706900988,
		-0.38983770194697209,
		0.0,
		2.1553135268621233,
		1.5629347465298418,
		3.3616973385930864,
		1.0
	],
	"intrinsic" : 
	{
		"height" : 1080,
		"intrinsic_matrix" : 
		[
			935.30743608719399,
			0.0,
			0.0,
			0.0,
			935.30743608719399,
			0.0,
			959.5,
			539.5,
			1.0
		],
		"width" : 1920
	},
	"version_major" : 1,
	"version_minor" : 0
}