{
	"class_name" : "PinholeCameraParameters",
	"extrinsic" : 
	[
		0.66835984465003395,
		-0.39339123275457116,
		0.63129902269148275,
		0.0,
		-0.74067709500221746,
		-0.43013092652121265,
		0.51612481725749182,
		0.0,
		0.068502255426071065,
		-0.8125458288871108,
		-0.57885811470488979,
		0.0,
		-0.095880628897565628,
		1.1393878995268802,
		1.7806250376500043,
		1.0
	],
	"intrinsic" : 
	{
		"height" : 1080,
		"intrinsic_matrix" : 
		[
			935.30743608719399,
			0.0,
			0.0,
			0.0,
			935.30743608719399,
			0.0,
			959.5,
			539.5,
			1.0
		],
		"width" : 1920
	},
	"version_major" : 1,
	"version_minor" : 0
}