{
	"class_name" : "PinholeCameraParameters",
	"extrinsic" : 
	[
		0.92598936898371298,
		0.013552555864885324,
		-0.37730626387415633,
		0.0,
		0.010697617540434006,
		-0.99989610476691815,
		-0.0096612965435822068,
		0.0,
		-0.37739799881306202,
		0.004909979783420418,
		-0.92603814316172883,
		0.0,
		-0.83568951637434075,
		-0.21842547769586143,
		0.53707654988316311,
		1.0
	],
	"intrinsic" : 
	{
		"height" : 1080,
		"intrinsic_matrix" : 
		[
			935.30743608719399,
			0.0,
			0.0,
			0.0,
			935.30743608719399,
			0.0,
			959.5,
			539.5,
			1.0
		],
		"width" : 1920
	},
	"version_major" : 1,
	"version_minor" : 0
}