{
	"class_name" : "PinholeCameraParameters",
	"extrinsic" : 
	[
		-0.93937429912811887,
		-0.24760420309618411,
		-0.23720894744224799,
		0.0,
		0.068608820261457787,
		0.5420723268013411,
		-0.837526371106314,
		0.0,
		0.33595945576793418,
		-0.80302537389878526,
		-0.49222097979955076,
		0.0,
		2.1192920421606884,
		0.89149320933925102,
		3.8530757315486914,
		1.0
	],
	"intrinsic" : 
	{
		"height" : 1080,
		"intrinsic_matrix" : 
		[
			935.30743608719399,
			0.0,
			0.0,
			0.0,
			935.30743608719399,
			0.0,
			959.5,
			539.5,
			1.0
		],
		"width" : 1920
	},
	"version_major" : 1,
	"version_minor" : 0
}